Workbook

Sheet Row sheet
A1: record_id | B1: month | C1: route_id | D1: hub | E1: promised_days | F1: actual_days | H1: Total Rows | I1: =COUNTA(A2:A14) -> 13
A2: 1 | B2: Jan | C2: R1 | D2: Mumbai | E2: 2 | F2: 2
A3: 2 | B3: Jan | C3: R2 | D3: Chennai | E3: 3 | F3: 4
A4: 3 | B4: Jan | C4: R3 | D4: Delhi | E4: 5 | F4: 8
A5: 4 | B5: Jan | C5: R4 | D5: Mumbai | E5: 6 | F5: 10
A6: 5 | B6: Feb | C6: R1 | D6: Chennai | E6: 2 | F6: 5
A7: 6 | B7: Feb | C7: R2 | D7: Delhi | E7: 3 | F7: 3
A8: 7 | B8: Feb | C8: R3 | D8: Delhi | E8: 5 | F8: 10
A9: 8 | B9: Feb | C9: R4 | D9: Chennai | E9: 6 | F9: 7
A10: 9 | B10: Mar | C10: R1 | D10: Delhi | E10: 2 | F10: 8
A11: 10 | B11: Mar | C11: R2 | D11: Mumbai | E11: 3 | F11: 5
A12: 11 | B12: Mar | C12: R3 | D12: Chennai | E12: 5 | F12: 5
A13: 12 | B13: Mar | C13: R4 | D13: Mumbai | E13: 6 | F13: 15
A14: 12 | B14: Mar | C14: R4 | D14: Mumbai | E14: 6 | F14: 15

Sheet Lookup sheet
A1: route_id | B1: route | C1: service_type
A2: R1 | B2: Metro Link | C2: Express
A3: R2 | B3: City Dash | C3: Express
A4: R3 | B4: Highway Freight | C4: Standard
A5: R4 | B5: Rural Feeder | C5: Standard

Sheet clean sheet
A1: record_id | B1: month | C1: route_id | D1: hub | E1: promised_days | F1: actual_days | G1: service_type | H1: Delay_days | I1: after remove duplicate
A2: 1 | B2: Jan | C2: R1 | D2: Mumbai | E2: 2 | F2: 2 | G2: =_xlfn.XLOOKUP(C2,'Lookup sheet'!$A$2:$A$5,'Lookup sheet'!$C$2:$C$5) -> Express | H2: =MAX(F2-E2,0) -> 0 | I2: =COUNTA(A2:A13) -> 12
A3: 2 | B3: Jan | C3: R2 | D3: Chennai | E3: 3 | F3: 4 | G3: =_xlfn.XLOOKUP(C3,'Lookup sheet'!$A$2:$A$5,'Lookup sheet'!$C$2:$C$5) -> Express | H3: =MAX(F3-E3,0) -> 1 | I3: Before remove duplicate
A4: 3 | B4: Jan | C4: R3 | D4: Delhi | E4: 5 | F4: 8 | G4: =_xlfn.XLOOKUP(C4,'Lookup sheet'!$A$2:$A$5,'Lookup sheet'!$C$2:$C$5) -> Standard | H4: =MAX(F4-E4,0) -> 3 | I4: =COUNTA('Row sheet'!A2:A14) -> 13
A5: 4 | B5: Jan | C5: R4 | D5: Mumbai | E5: 6 | F5: 10 | G5: =_xlfn.XLOOKUP(C5,'Lookup sheet'!$A$2:$A$5,'Lookup sheet'!$C$2:$C$5) -> Standard | H5: =MAX(F5-E5,0) -> 4 | I5: duplicate rows
A6: 5 | B6: Feb | C6: R1 | D6: Chennai | E6: 2 | F6: 5 | G6: =_xlfn.XLOOKUP(C6,'Lookup sheet'!$A$2:$A$5,'Lookup sheet'!$C$2:$C$5) -> Express | H6: =MAX(F6-E6,0) -> 3 | I6: =I4-I2 -> 1
A7: 6 | B7: Feb | C7: R2 | D7: Delhi | E7: 3 | F7: 3 | G7: =_xlfn.XLOOKUP(C7,'Lookup sheet'!$A$2:$A$5,'Lookup sheet'!$C$2:$C$5) -> Express | H7: =MAX(F7-E7,0) -> 0
A8: 7 | B8: Feb | C8: R3 | D8: Delhi | E8: 5 | F8: 10 | G8: =_xlfn.XLOOKUP(C8,'Lookup sheet'!$A$2:$A$5,'Lookup sheet'!$C$2:$C$5) -> Standard | H8: =MAX(F8-E8,0) -> 5
A9: 8 | B9: Feb | C9: R4 | D9: Chennai | E9: 6 | F9: 7 | G9: =_xlfn.XLOOKUP(C9,'Lookup sheet'!$A$2:$A$5,'Lookup sheet'!$C$2:$C$5) -> Standard | H9: =MAX(F9-E9,0) -> 1
A10: 9 | B10: Mar | C10: R1 | D10: Delhi | E10: 2 | F10: 8 | G10: =_xlfn.XLOOKUP(C10,'Lookup sheet'!$A$2:$A$5,'Lookup sheet'!$C$2:$C$5) -> Express | H10: =MAX(F10-E10,0) -> 6
A11: 10 | B11: Mar | C11: R2 | D11: Mumbai | E11: 3 | F11: 5 | G11: =_xlfn.XLOOKUP(C11,'Lookup sheet'!$A$2:$A$5,'Lookup sheet'!$C$2:$C$5) -> Express | H11: =MAX(F11-E11,0) -> 2
A12: 11 | B12: Mar | C12: R3 | D12: Chennai | E12: 5 | F12: 5 | G12: =_xlfn.XLOOKUP(C12,'Lookup sheet'!$A$2:$A$5,'Lookup sheet'!$C$2:$C$5) -> Standard | H12: =MAX(F12-E12,0) -> 0
A13: 12 | B13: Mar | C13: R4 | D13: Mumbai | E13: 6 | F13: 15 | G13: =_xlfn.XLOOKUP(C13,'Lookup sheet'!$A$2:$A$5,'Lookup sheet'!$C$2:$C$5) -> Standard | H13: =MAX(F13-E13,0) -> 9

Sheet summary_sheet
A1: hub | B1: Total Delays | E1: Sum of Delay_days | F1: Column Labels
A2: Mumbai | B2: =SUMIFS('clean sheet'!$H$2:$H$13,'clean sheet'!$D$2:$D$13,summary_sheet!A2) -> 15 | E2: Row Labels | F2: Jan | G2: Feb | H2: Mar | I2: Grand Total
A3: Chennai | B3: =SUMIFS('clean sheet'!$H$2:$H$13,'clean sheet'!$D$2:$D$13,summary_sheet!A3) -> 5 | E3: Express | F3: 1 | G3: 3 | H3: 8 | I3: 12
A4: Delhi | B4: =SUMIFS('clean sheet'!$H$2:$H$13,'clean sheet'!$D$2:$D$13,summary_sheet!A4) -> 14 | E4: Standard | F4: 7 | G4: 6 | H4: 9 | I4: 22
E5: Grand Total | F5: 8 | G5: 9 | H5: 17 | I5: 34
